{"assets/images/bg.png":["assets/images/bg.png"],"assets/images/blood-cells.png":["assets/images/blood-cells.png"],"assets/images/blood.png":["assets/images/blood.png"],"assets/images/body.png":["assets/images/body.png"],"assets/images/brain.png":["assets/images/brain.png"],"assets/images/download.png":["assets/images/download.png"],"assets/images/earth_m.png":["assets/images/earth_m.png"],"assets/images/heart.mp4":["assets/images/heart.mp4"],"assets/images/heart.png":["assets/images/heart.png"],"assets/images/heart_.png":["assets/images/heart_.png"],"assets/images/heart_rate.png":["assets/images/heart_rate.png"],"assets/images/home.png":["assets/images/home.png"],"assets/images/horizon.png":["assets/images/horizon.png"],"assets/images/info.png":["assets/images/info.png"],"assets/images/information.png":["assets/images/information.png"],"assets/images/inner.png":["assets/images/inner.png"],"assets/images/kidney.png":["assets/images/kidney.png"],"assets/images/light.png":["assets/images/light.png"],"assets/images/logo.png":["assets/images/logo.png"],"assets/images/logo_mini.png":["assets/images/logo_mini.png"],"assets/images/ocean.png":["assets/images/ocean.png"],"assets/images/question.png":["assets/images/question.png"],"assets/images/schedule.png":["assets/images/schedule.png"],"assets/images/skin.png":["assets/images/skin.png"],"assets/images/smartphone.png":["assets/images/smartphone.png"],"assets/images/sugar-blood-level.png":["assets/images/sugar-blood-level.png"],"assets/images/support.png":["assets/images/support.png"],"assets/images/think.png":["assets/images/think.png"],"assets/images/voice-assistant.png":["assets/images/voice-assistant.png"],"assets/images/voltage.png":["assets/images/voltage.png"],"assets/images/wave.png":["assets/images/wave.png"],"packages/cupertino_icons/assets/CupertinoIcons.ttf":["packages/cupertino_icons/assets/CupertinoIcons.ttf"],"packages/model_viewer_plus/assets/model-viewer.min.js":["packages/model_viewer_plus/assets/model-viewer.min.js"],"packages/model_viewer_plus/assets/template.html":["packages/model_viewer_plus/assets/template.html"],"packages/wakelock_web/assets/no_sleep.js":["packages/wakelock_web/assets/no_sleep.js"]}